<application>
  <component name="TipsStore">
    <option name="globalFirstStartUp" value="false" />
    <entry projectName="D:/code/hecheng/server/V1.1.0" firstStartUp="false" />
    <entry projectName="D:/code/hecheng/server/trunk" firstStartUp="false" />
    <entry projectName="D:/code/hecheng/server/trunk_temp/hecheng_server" firstStartUp="false" />
    <entry projectName="D:/code/ro" firstStartUp="false" />
    <entry projectName="D:/learning/code/java8Action" firstStartUp="false" />
    <entry projectName="hecheng-server" firstStartUp="false" />
    <entry projectName="hecheng_server" firstStartUp="false" />
    <entry projectName="ro_server" firstStartUp="false" />
  </component>
</application>