<application>
  <component name="TipsStore">
    <option name="globalFirstStartUp" value="false" />
    <entry projectName="D:/code/1.2" firstStartUp="false" />
    <entry projectName="D:/code/hecheng/server/V1.1.0" firstStartUp="false" />
    <entry projectName="D:/code/hecheng/server/trunk" firstStartUp="false" />
    <entry projectName="D:/code/hecheng/server/trunk_temp/hecheng_server" firstStartUp="false" />
    <entry projectName="D:/code/ro" firstStartUp="false" />
    <entry projectName="D:/learning/code/java8Action" firstStartUp="false" />
    <entry projectName="E:/Tencent Files/2881556218/FileRecv/biwu2_node" firstStartUp="false" />
    <entry projectName="E:/Tencent Files/2881556218/FileRecv/biwu2_proto" firstStartUp="false" />
    <entry projectName="E:/Tencent Files/2881556218/FileRecv/biwu2_server" firstStartUp="false" />
    <entry projectName="E:/Tencent Files/2881556218/FileRecv/hummingbird_pipeline" firstStartUp="false" />
    <entry projectName="E:/code/hecheng/dev/server/trunk/hecheng_server" firstStartUp="false" />
    <entry projectName="E:/code/hecheng/dev/server/trunk/hecheng_server1" firstStartUp="false" />
    <entry projectName="E:/code/mdqk_function" firstStartUp="false" />
    <entry projectName="E:/code/seabattle_json" firstStartUp="false" />
    <entry projectName="E:/code/shangdao/dev/server/trunk/shangdao_server" firstStartUp="false" />
    <entry projectName="E:/code/shangdao/dev/server/trunk/shangdao_server1" firstStartUp="false" />
    <entry projectName="E:/code/shangdao/dev/server/trunk/shangdao_server1/shangdao_gameserver" firstStartUp="false" />
    <entry projectName="E:/code/shangdao_server" firstStartUp="false" />
    <entry projectName="E:/shangdao/dev/server/trunk/shangdao_server" firstStartUp="false" />
    <entry projectName="F:/learning/code/PeonyFramwork" firstStartUp="false" />
    <entry projectName="F:/learning/code/SmsDemo" firstStartUp="false" />
    <entry projectName="F:/learning/code/hqrank" firstStartUp="false" />
    <entry projectName="F:/learning/code/idea-setting" firstStartUp="false" />
    <entry projectName="F:/learning/code/rabbit" firstStartUp="false" />
    <entry projectName="F:/learning/code/rank" firstStartUp="false" />
    <entry projectName="hecheng-server" firstStartUp="false" />
    <entry projectName="hecheng_server" firstStartUp="false" />
    <entry projectName="ro_server" firstStartUp="false" />
  </component>
</application>