<application>
  <component name="AppStorage">
    <histories>
      <item value="Vehicle" />
      <item value="VEHICLE" />
      <item value="被动技能" />
      <item value="羁绊" />
      <item value="Character" />
      <item value="Artifact" />
      <item value="settlement" />
      <item value="Returns the maximum loop count for a write operation until WritableByteChannel.write(ByteBuffer) returns a non-zero value. It is similar to what a spin lock is used for in concurrency programming. It improves memory utilization and write throughput depending on the platform that JVM runs on. The default value is 16. " />
      <item value="true if and only if successfully marked this future as uncancellable or it is already done without being cancelled. false if this future has been cancelled already." />
      <item value="Add a flush to this ChannelOutboundBuffer. This means all previous added messages are marked as flushed and so you will be able to handle them. " />
      <item value="kick off idle user only when in production; we'd like to keep the connection in development" />
      <item value="There is no need to process all entries if there was already a flush before and no new messages were added in the meantime." />
      <item value="There is no need to process all entries if there was already a flush before and no new messages where added in the meantime." />
      <item value="There is no need to process all entries if there was already a flush before and no new messages" />
      <item value="where added in the meantime." />
      <item value="purchase" />
      <item value="purchasing" />
      <item value="购买" />
      <item value="InstanceType" />
      <item value="离线" />
      <item value="status" />
      <item value="状态" />
      <item value="statue" />
      <item value="charge" />
      <item value="亲密度" />
      <item value="补签" />
      <item value="自然" />
      <item value="替换" />
      <item value="round" />
      <item value="rotation" />
      <item value="Partial" />
      <item value="节点" />
      <item value="frame" />
      <item value="时间节点" />
      <item value="interval" />
      <item value="时间间隔" />
      <item value="一万" />
      <item value="负面" />
      <item value="对立" />
      <item value="takeover" />
      <item value="tokenover" />
      <item value="结算奖励" />
      <item value="Proportion" />
      <item value="占比" />
      <item value="选择了" />
      <item value="cheesed" />
      <item value="choosed" />
      <item value="choose" />
      <item value="边长" />
      <item value="变长" />
    </histories>
    <option name="languageScores">
      <map>
        <entry key="CHINESE" value="305" />
        <entry key="ENGLISH" value="305" />
        <entry key="CHINESE_TRADITIONAL" value="12" />
        <entry key="CATALAN" value="1" />
      </map>
    </option>
  </component>
  <component name="Settings">
    <option name="ignoreRegExp" value="" />
  </component>
</application>