<application>
  <component name="AppStorage">
    <histories>
      <item value="a merge function, used to resolve collisions between values associated with the same key, as supplied to {@link Map#merge(Object, Object, BiFunction)}" />
      <item value="president of an organization" />
      <item value="会长" />
      <item value="Extension Registry Lite" />
      <item value="ExtensionRegistryLite" />
      <item value="不及格" />
      <item value="失败" />
      <item value="fail" />
      <item value="fieled" />
      <item value="field" />
      <item value="registed" />
      <item value="registe" />
      <item value="regist" />
      <item value="register" />
      <item value="dialog" />
      <item value="对话" />
      <item value="equal sign" />
      <item value="等号" />
      <item value="登号" />
      <item value="模板" />
      <item value="victory" />
      <item value="Counter" />
      <item value="ThreadLocalMap is a customized hash map suitable only for maintaining thread local values. No operations are exported outside of the ThreadLocal class. The class is package private to allow declaration of fields in class Thread. To help deal with very large and long-lived usages, the hash table entries use WeakReferences for keys. However, since reference queues are not used, stale entries are guaranteed to be removed only when the table starts running out of space." />
      <item value="ThreadLocalMap is a customized hash map suitable only for maintaining thread local values. No operations are exported outside of the ThreadLocal class. The class is package private to allow declaration of fields in class Thread.  To help deal with very large and long-lived usages, the hash table entries use WeakReferences for keys. However, since reference queues are not used, stale entries are guaranteed to be removed only when the table starts running out of space." />
      <item value="Back up to check for prior stale entry in current run. We clean out whole runs at a time to avoid continual incremental rehashing due to garbage collector freeing up refs in bunches (i.e., whenever the collector runs)." />
      <item value="We don't use a fast path as with get() because it is at least as common to use set() to create new entries as it is to replace existing ones, in which case, a fast path would fail more often than not." />
      <item value="Get the entry associated with key.  This method itself handles only the fast path: a direct hit of existing key. It otherwise relays to getEntryAfterMiss.  This is designed to maximize performance for direct hits, in part by making this method readily inlinable." />
      <item value="Removes the current thread's value for this thread-local variable.  If this thread-local variable is subsequently {@linkplain #get read} by the current thread, its value will be reinitialized by invoking its {@link #initialValue} method, unless its value is {@linkplain #set set} by the current thread in the interim.  This may result in multiple invocations of the {@code initialValue} method in the current thread." />
      <item value="positive" />
      <item value="Creates an Executor that uses a single worker thread operating off an unbounded queue, and uses the provided ThreadFactory to create a new thread when needed. Unlike the otherwise equivalent {@code newFixedThreadPool(1, threadFactory)} the returned executor is guaranteed not to be reconfigurable to use additional threads." />
      <item value="A wrapper class that exposes only the ExecutorService methods of an ExecutorService implementation." />
      <item value="ThreadLocals rely on per-thread linear-probe hash maps attached to each thread (Thread.threadLocals and inheritableThreadLocals).  The ThreadLocal objects act as keys, searched via threadLocalHashCode.  This is a custom hash code (useful only within ThreadLocalMaps) that eliminates collisions in the common case where consecutively constructed ThreadLocals are used by the same threads, while remaining well-behaved in less common cases." />
      <item value="The difference between successively generated hash codes - turns implicit sequential thread-local IDs into near-optimally spread multiplicative hash values for power-of-two-sized tables." />
      <item value="勇气" />
      <item value="&lt;p&gt;Uncapitalizes a String, changing the first character to lower case as per {@link Character#toLowerCase(int)}. No other characters are changed.&lt;/p&gt; &lt;p&gt;For a word based algorithm, see {@link org.apache.commons.lang3.text.WordUtils#uncapitalize(String)}. A {@code null} input String returns {@code null}.&lt;/p&gt; &lt;pre&gt; StringUtils.uncapitalize(null)  = null StringUtils.uncapitalize(&quot;&quot;)    = &quot;&quot; StringUtils.uncapitalize(&quot;cat&quot;) = &quot;cat&quot; StringUtils.uncapitalize(&quot;Cat&quot;) = &quot;cat&quot; StringUtils.uncapitalize(&quot;CAT&quot;) = &quot;cAT&quot; &lt;/pre&gt;" />
      <item value="&lt;p&gt;Uncapitalizes a String, changing the first character to lower case as per {@link Character#toLowerCase(int)}. No other characters are changed.&lt;/p&gt;" />
      <item value="心跳" />
      <item value="击打" />
      <item value="Causes the current thread to wait until the latch has counted down to zero, unless the thread is {@linkplain Thread#interrupt interrupted}. &lt;p&gt;If the current count is zero then this method returns immediately. &lt;p&gt;If the current count is greater than zero then the current thread becomes disabled for thread scheduling purposes and lies dormant until one of two things happen: &lt;ul&gt; &lt;li&gt;The count reaches zero due to invocations of the {@link #countDown} method; or &lt;li&gt;Some other thread {@linkplain Thread#interrupt interrupts} the current thread. &lt;/ul&gt; &lt;p&gt;If the current thread: &lt;ul&gt; &lt;li&gt;has its interrupted status set on entry to this method; or &lt;li&gt;is {@linkplain Thread#interrupt interrupted} while waiting, &lt;/ul&gt; then {@link InterruptedException} is thrown and the current thread's interrupted status is cleared." />
      <item value="Gets the entry for the least key greater than the specified key; if no such entry exists, returns the entry for the least key greater than the specified key; if no such entry exists returns {@code null}." />
      <item value="&lt;p&gt;The default implementation makes no guarantees about synchronization or atomicity properties of this method. Any implementation providing atomicity guarantees must override this method and document its concurrency properties. In particular, all implementations of subinterface {@link java.util.concurrent.ConcurrentMap} must document whether the function is applied once atomically only if the value is not present." />
      <item value="能量" />
      <item value="Blocks until all tasks have completed execution after a shutdown request, or the timeout occurs, or the current thread is interrupted, whichever happens first." />
      <item value="Duration" />
      <item value="Gets the number of seconds in this duration. &lt;p&gt; The length of the duration is stored using two fields - seconds and nanoseconds. The nanoseconds part is a value from 0 to 999,999,999 that is an adjustment to the length in seconds. The total duration is defined by calling this method and {@link #getNano()}. &lt;p&gt; A {@code Duration} represents a directed distance between two points on the time-line. A negative duration is expressed by the negative sign of the seconds part. A duration of -1 nanosecond is stored as -1 seconds plus 999,999,999 nanoseconds. @return the whole seconds part of the length of the duration, positive or negative" />
      <item value="build Partial" />
      <item value="buildPartial" />
      <item value="Resolves the given {@code type} against the type context represented by this type. For example: &lt;pre&gt;{@code new TypeToken&lt;List&lt;String&gt;&gt;() {}.resolveType(     List.class.getMethod(&quot;get&quot;, int.class).getGenericReturnType()) =&gt; String.class }&lt;/pre&gt;" />
      <item value="币" />
      <item value="副本" />
    </histories>
    <option name="languageScores">
      <map>
        <entry key="CHINESE" value="211" />
        <entry key="ENGLISH" value="211" />
        <entry key="CHINESE_TRADITIONAL" value="12" />
        <entry key="CATALAN" value="1" />
      </map>
    </option>
  </component>
  <component name="Settings">
    <option name="baiduTranslateSettings">
      <app-key>
        <option name="primaryLanguage" value="CHINESE" />
      </app-key>
    </option>
    <option name="googleTranslateSettings">
      <google-translate>
        <option name="useTranslateGoogleCom" value="false" />
      </google-translate>
    </option>
    <option name="ignoreRegExp" value="" />
    <option name="youdaoTranslateSettings">
      <youdao-translate>
        <option name="primaryLanguage" value="AUTO" />
      </youdao-translate>
    </option>
  </component>
</application>